,Accuracy,F1 Score,ROC-AUC Score,PR-AUC Score
SMOTE,0.7935,0.516582130316036,0.7608798200724045,0.5229251083295898
SVMSMOTE,0.797,0.5290023201856149,0.7608798200724045,0.5229251083295898
KMeans-SMOTE,0.8168333333333333,0.5073957866427612,0.7608798200724045,0.5229251083295898
ADASYN,0.7888333333333334,0.5083430345362825,0.7608798200724045,0.5229251083295898
