,Accuracy,F1 Score,ROC-AUC Score,PR-AUC Score
Tomek Links,0.8185,0.48413074372335385,0.7691146664682059,0.527356668983976
Edited Nearest Neighbour,0.7893333333333333,0.5416968817984046,0.7691146664682059,0.527356668983976
Near Miss,0.49333333333333335,0.39345570630486826,0.7691146664682059,0.527356668983976
One Sided Selection,0.8191666666666667,0.48602558029369963,0.7691146664682059,0.527356668983976
