,Accuracy,F1 Score,ROC-AUC Score,PR-AUC Score
BaggingClassifier,0.8118333333333333,0.457993278924628,0.7488929613776726,0.5017609097848447
BalancedBaggingClassifier,0.783,0.5244704163623083,0.7652801066487965,0.5141101768863308
BBC with GradientBoostingClassifier,0.7618333333333334,0.5331590983338778,0.7816608333627179,0.541759943308943
BalancedRandomForestClassifier,0.7426666666666667,0.5199004975124378,0.7718711524202592,0.5237137210202338
RUBoostClassifier,0.7511666666666666,0.5200900032144005,0.7648475446418779,0.5211050914562826
EasyEnsembleClassifier,0.759,0.5271419228253761,0.7765765235826728,0.5280535859382768
