,Accuracy,F1 Score,ROC-AUC Score,PR-AUC Score
Balanced Bagging Classifier,0.7778333333333334,0.5189462287982678,0.7617891427586244,0.5141686465893252
Balanced Random Forest Classifier,0.7443333333333333,0.5170025188916877,0.7714385091657809,0.525055734654262
RUBoost Classifier,0.7523333333333333,0.5212628865979382,0.7660350589719161,0.5181164037053775
Easy Ensemble Classifier,0.7591666666666667,0.5291625936787228,0.7768365157731575,0.5327657543186086
