,Accuracy,F1 Score,ROC-AUC Score,PR-AUC Score
SMOTE-Tomek,0.794,0.5168100078186082,0.7654426017678495,0.5291616874404989
SMOTE-ENN,0.7308333333333333,0.5177664974619289,0.7654426017678495,0.5291616874404989
